"Words","Coefficients"
"aboveaverage",0
"absolutely",-0.175872952215893
"accentuate",0
"accentuated",0
"acceptable",0.67183794685832
"accessibility",0
"accessible",0
"accessories",0
"accidental",-0.392430390675799
"accidentally",0.276085719327212
"accidently",0
"accommodate",0.0146546536248929
"accommodated",-0.236114696892993
"accommodates",0
"accommodating",-0.305183424878549
"accommodation",0
"accommodations",0.12847019473762
"accomodate",0
"accomodated",0
"accomodating",-0.728081608233375
"accomodations",0
"accompanied",-0.27285978989341
"accompanies",0
"accompaniment",-0.136731205774482
"accompaniments",-0.800038637739028
"accompanying",-0.187916987995064
"accomplish",0
"accomplished",0.726757211472732
"accomplishment",-0.478574170741796
"accordingly",-0.16092199640916
"accounting",0.327892736611932
"accouterments",0
"accoutrement",0
"accoutrements",0
"accumulated",0
"accurately",0
"accustomed",-0.0665819610357339
"acknowledge",0.967073812109714
"acknowledged",1.57487678951719
"acknowledgement",2.04163866975984
"acknowledging",0.0476972895244233
"acknowledgment",1.53037480630259
"acquainted",0
"activities",0
"additional",0.0408481694053196
"additionally",0.0705254891401087
"addressing",0
"adequately",0
"adjectives",0
"adjustment",0
"adjustments",0
"admittedly",0
"advantages",0
"adventures",0
"adventurous",-0.156680886388984
"advertised",0.276506084117372
"advertisement",0.4994004562846
"advertisements",0
"advertises",0
"advertising",1.02456112092746
"aesthetically",0
"aesthetics",0
"affiliated",0
"affliction",0
"affordable",-0.635621050977798
"aficionado",-0.571946968895119
"aforementioned",0
"afterdinner",0
"afterhours",0
"afternoons",0
"aftertaste",0.297790521513009
"afterthought",0
"afterwards",0.288934799184938
"afterwords",0
"aggravation",1.60707555163188
"aggressive",0
"aggressively",0.723691280506775
"airconditioned",0
"airconditioning",0.48381417655618
"albertsons",0
"albondigas",0
"alcoholics",0
"alexanders",0
"allamerican",0
"allyoucandrink",1.08481075928179
"allyoucaneat",-0.193408240671819
"alternating",0
"alternative",0
"alternatives",0
"altogether",0
"amazeballs",-1.32526176275367
"amazingness",-0.441607112041094
"amazingthe",-1.23259290092376
"americaine",0
"americanized",0.00624864024815714
"ammenities",0
"amusebouche",0
"anniversaries",0
"anniversary",-0.102532372039788
"announcement",1.16362017822616
"announcing",1.21283288422018
"annoyances",0.642915918998218
"annoyingly",0
"anticipate",0
"anticipated",0
"anticipating",0.100855256324576
"anticipation",0.00213771666806617
"antioxidant",0
"apartments",0
"apologetic",0.791131974479923
"apologized",0.778290489329667
"apologizes",2.1089987844698
"apologizing",0.380228486381107
"apparently",0.423498903885293
"appearance",0
"appearances",0
"appetizers",-0.170718228217259
"appetizing",0.917012103367342
"applicable",0
"application",0
"appointment",0
"appointments",-0.398716568417232
"appreciate",0
"appreciated",-0.23872277201131
"appreciates",0
"appreciation",-0.231062317360762
"appreciative",-0.195506327453152
"apprehensive",0
"approachable",0
"approached",0.353185764047051
"approaches",0.855252740800539
"approaching",0.208742043808371
"appropriate",0
"appropriately",0
"approximate",0.878617278298731
"approximately",0.208912578002814
"architectural",0
"architecture",-0.101435957585171
"arrangement",-0.0895867866998543
"arrangements",-0.206389633714871
"artichokes",0
"artificial",0.679239757864143
"artificially",0
"asianfusion",0
"asianinspired",0
"asianstyle",0.677942137120195
"assessment",-0.644021007266415
"assistance",0
"assistants",-0.912190731433786
"associated",0.425623630556124
"associates",0.509354841588833
"association",0
"assortment",-0.492045743411057
"assortments",-0.860878309679462
"assumption",0
"astonished",0.5902722952941
"astonishing",-0.465349562901094
"astonishingly",0.410364025422772
"astounding",-0.0516930271417094
"astronomical",1.15624956787625
"atmosphere",-0.461675210909578
"atmospheres",0
"atmostphere",-0.226921701528856
"atomsphere",0
"attempting",0.726254601085762
"attendance",0.360676410536175
"attendants",0.580986963426962
"attentiveness",0
"attracting",-0.323936384634134
"attraction",0
"attractions",-0.361474431953021
"attractive",0
"attributed",0
"attributes",0
"australian",0
"authentically",-0.322929739563038
"authenticity",0
"autographed",0
"automatically",0.060672051203867
"availability",-0.0102295710694574
"awardwinning",0
"aweinspiring",0
"awesomeness",-0.971485830541288
"awesomethe",-0.302682391272008
"awkwardness",-1.02709189575839
"babystacks",-0.102772358448316
"bacchanals",-0.298091562713917
"bachelorette",0
"bachelorettes",0
"bachlorette",-0.411897493426098
"background",0
"baconwrapped",0
"bamboozled",-0.0808704442483403
"banananutella",0
"barrestaurant",0.360056112717141
"barslounges",0
"barstaurant",0
"bartenders",0
"bartending",0.470711584593863
"basketball",0
"bastardized",0
"bastianich",0
"beautifully",-0.788841457572325
"beckinsale",0
"beerbattered",-0.85307380991016
"beforehand",0
"begrudgingly",0
"belligerent",0
"belongings",0.558068754586493
"billboards",0.750865869964738
"billionaire",0
"bitterness",0
"bittersweet",0
"blackberries",0
"blackberry",0
"blackboard",0
"blissfully",-0.807873296688761
"blistering",0
"blueberries",0
"boddingtons",0
"boisterous",-0.106750710047429
"bolognaise",0
"bookmarked",-0.138393413768191
"boquerones",0
"bordelaise",-0.200067906323005
"borderline",0.828643334098505
"bothersome",0
"bottomless",-0.319776599969685
"bottomline",0
"bouillabaisse",-0.0727623041601048
"boundaries",1.2677258110921
"bourbonancho",0
"bourguignon",0
"boyfriends",0
"brazillian",0
"breadbasket",0
"breadcrumb",0
"breadcrumbs",0
"breadsticks",0
"breakfastbrunch",-0.620476654767326
"breakfastlunch",-0.515996131330904
"breakfasts",-0.574740795104565
"breakfasty",0
"breathtaking",-0.473598640905085
"brightened",0
"brightness",0
"brilliantly",0
"broccolini",0.0434299694252639
"brotherinlaw",0
"brunchbreakfast",1.0104249892305
"brunchlunch",0
"bruschetta",0
"buildyourown",0
"businesses",-0.0735885851602746
"businessmen",-1.08594296009025
"buttercake",0
"buttercream",0
"butterfinger",-0.035322822650033
"butterfish",-0.297990881882705
"butterflied",0.247359112718185
"butterflies",0
"buttermilk",0
"butterscotch",-0.274460520071267
"caipirinha",0
"caipirinhas",0.0229916176902866
"cajuncreole",-0.535530174859952
"calculated",0.635882904983304
"california",0
"californian",0
"californians",-0.297215846929819
"cancellation",0
"cancelling",0
"cannelloni",0
"cantaloupe",-0.00368133266898191
"capabilities",-0.0680711046695638
"cappuccino",0
"cappuccinos",0
"capriottis",0
"caramalized",0
"caramelized",-0.406671330968112
"carbonated",0.114381296253582
"carmalized",0
"carmelized",-0.800811483688209
"carnivores",-0.119249042816298
"carnivorous",-0.624791527533964
"casinohotel",0
"casinohotels",0
"casinoresort",0
"casseroles",0
"categories",-0.163203065412788
"categorize",0
"caterpillar",0
"cauliflower",0
"cautiously",0
"celebrated",-0.553923857518207
"celebrating",-0.359272367294902
"celebration",-0.0136376425995374
"celebrations",0
"celebratory",0
"celebrities",0
"centerpiece",0
"centralized",0
"centrifuge",0
"certificate",0
"certificates",0
"chalkboard",0
"challenged",0.512344560842502
"challenges",0
"challenging",0
"chandelier",-0.801697165812194
"chandeliers",-0.481010987277823
"chanterelle",0
"chanterelles",-0.293742007858298
"characteristic",0
"characteristics",0
"characters",0
"charbroiled",-0.424217278281431
"charcuterie",-0.263135141685385
"chardonnay",-0.366929971641155
"charismatic",0
"charleston",0
"chateaubriand",0
"chawanmushi",-0.000932685376682662
"cheapskate",0.0527958677561409
"checkingin",0
"cheerfully",-0.679278823990141
"cheeseburger",0
"cheeseburgers",-0.0290269837160281
"cheesecake",-0.254263915543965
"cheesecakes",0
"cheesesteak",0
"cheesiness",0
"chilaquiles",-0.114593130266317
"chilehoney",0
"chimichanga",0
"chimichurri",0
"chinesemexican",0.616876813753425
"chippendales",0
"chocoholic",0
"chocolatedipped",-0.252166894916516
"chocolately",-0.335878548048425
"chocolates",0
"chocolatey",0
"cholesterol",-0.239128294678076
"chopsticks",0
"choreographed",0
"christopher",0
"chrysanthemum",1.0397608968509
"churrascaria",0.248744433504185
"churrascarias",0.36023695794741
"cigarettes",1.0410339794312
"cinderella",0
"circulating",0
"circulation",0
"circumstance",0
"circumstances",0
"citycenter",-0.152900478515231
"classically",0
"classified",0.188751959366232
"classiness",0
"claustrophobia",0
"claustrophobic",-0.347999792138581
"cleanliness",0.348374408741903
"clublounge",0
"cobblestone",0
"coincidence",0.224999139958494
"coincidentally",-0.613767675366173
"colicchios",0
"colleagues",0
"collecting",0
"collection",-0.235102867662428
"collective",0.760325722803618
"collectively",0.941104386732376
"combination",-0.676786462989007
"combinations",-0.380779316539184
"comfortable",-0.470986931289459
"comfortably",-0.0216147113419262
"comforters",0.957923239480985
"comforting",-1.25799703572355
"commendable",-0.906930957842871
"commenting",-0.451381946749157
"commercial",-0.157733954388297
"commercialized",0
"commercials",0
"commitment",0
"committing",-0.305939794526231
"commonwealth",-1.00518295785451
"communicate",0.608324382631139
"communicated",0
"communicating",0
"communication",0
"companions",0.0822906828213252
"comparable",0.122673940233259
"comparably",0
"comparatively",0
"comparison",-0.01480063424005
"comparisons",0
"compelling",0
"compensate",0.35754984267328
"compensated",-0.604881245872442
"compensation",1.80948588024051
"competition",0
"competitive",0
"competitor",0
"competitors",-0.76950442998137
"complained",0.904487213839631
"complaining",0.189776390415589
"complaints",-0.236625232418161
"complement",-0.385759137595922
"complementary",0.478578552299409
"complemented",-0.537556173588633
"complements",-0.353594623395514
"completely",0.467369035576104
"completing",0
"complexity",0
"complicated",0.37296683080081
"compliment",-0.239312541253134
"complimentary",-0.00582532451848258
"complimented",-0.444805441929608
"complimenting",0
"compliments",-0.506870620994627
"components",0
"composition",0
"comprehend",-0.0906763183960102
"comprehensive",-0.0900974220911626
"compressed",0
"compromise",0
"compromised",0
"compromising",0
"concentrate",0
"concentrated",0
"concerning",0
"concierges",0
"conclusion",0.0699197704532381
"concoction",0
"concoctions",-0.287538852744439
"condescending",1.20429832140711
"condiments",0
"conditioned",0
"conditioner",0.306616138668031
"conditioning",0.444805737180575
"conditions",0.745676598334979
"confections",0
"conference",0.0447598796291342
"conferences",0
"confession",0
"confidence",-0.0443504317422292
"confidently",0
"confirmation",0.541374227787058
"confirming",0
"conflicted",-0.00321304069194527
"confronted",0.321523454661993
"congestion",0
"congratulations",-0.112999118079854
"conjunction",0
"connecting",-0.0583080965302984
"connection",0
"connections",0
"connoisseur",-0.0736560616961788
"connoisseurs",0
"conscience",0
"consecutive",0
"consequently",0.135656668389254
"conservative",0
"conservatory",-0.758483119543343
"considerable",0
"considerably",0
"considerate",0.0232927550604202
"consideration",0
"considered",0
"considering",0.0518278877344683
"consistant",0
"consistantly",0
"consistency",0
"consistent",-0.529211714828178
"consistently",-0.245358780249008
"consisting",-0.729357081290153
"consolation",0
"constantly",0
"constraints",0
"constructed",0
"construction",0.271153791066876
"consulting",-0.577759244634045
"consumption",-0.0274832185442821
"containers",0
"containing",0.00705806423287546
"contaminated",0.99892310106626
"contamination",0
"contemplate",0
"contemplated",0
"contemplating",0
"contemporary",-0.0230702097226895
"contenders",0
"contestant",0
"contestants",0
"continental",0
"continually",0
"continuing",0.0928921865841524
"continuous",0
"continuously",0
"contraption",0
"contrasted",-0.2626253814131
"contrasting",0
"contribute",1.50757918299338
"contributed",0
"contributes",0.486241519234291
"controlled",0
"controlling",0
"convenience",0
"convenient",-0.171916965899285
"conveniently",-0.427755393634725
"convention",0.209304980055259
"conventional",-0.17409753545644
"conventioneers",0
"conventions",0
"conversation",0
"conversations",-0.0146942502153433
"conversing",0
"convienent",0
"convincing",0.0502396059705573
"coordinate",0
"coordinated",0
"coordination",0.63094300770935
"coordinator",0.408172948546207
"copperfield",0
"cornichons",0
"cornucopia",-0.388346621855071
"corporation",0
"correcting",0
"correction",0.651085836651789
"cosmopolitan",-0.0247826571944234
"cosmopolitans",-0.055391335104263
"cosmpolitan",0
"counteract",0
"counterpart",0
"counterparts",0
"countertop",-0.16595236805027
"countertops",0
"craftsteak",0
"cranberries",0
"craptastic",0.724182986354733
"crawpuppies",0
"creamgelato",-0.171612091802505
"creaminess",-0.318832676896879
"creamsicle",0
"creatively",0
"creativity",-0.218558773376713
"credentials",0
"crispiness",0
"criticisms",0
"croissants",-0.108889261713259
"croquettas",0
"croquettes",0
"crowdedness",1.18385498775126
"crunchiness",0
"crustacean",0
"crustaceans",0
"cumbersome",-0.6573058695427
"customizable",0
"customization",0
"customized",0
"cylindrical",0
"dancefloor",-0.0279146590321883
"dangerously",-1.3233000628208
"dealbreaker",0
"debauchery",-0.296518635765947
"decadently",0
"deceivingly",0.0680527797111812
"decentsized",0
"deceptively",-0.998084007409606
"deconstructed",-1.49558873440262
"decorating",0
"decoration",0
"decorations",0
"decorative",0.479204141371876
"dedication",0
"deeeelicious",0
"definately",-0.412423627691334
"definetely",0
"definitely",-0.528819603712726
"definition",0.0682287926934329
"definitive",-0.277222188151382
"definitively",0
"definitley",0
"degenerate",0
"dehydrated",0
"dehydration",1.17944148188078
"delectable",-1.39343736658314
"delectables",0
"delectably",0
"deliberately",0
"deliberation",0
"delicacies",-0.814660696280273
"delicately",-0.468552912813679
"delicatessen",0.680465491404801
"deliciously",-0.817333871207578
"deliciousness",-1.24544085018193
"deliciousthe",-0.472638905402974
"delightful",-0.996380490687088
"delightfully",0
"delivering",0.101758519845178
"delmonicos",-0.0662003608969522
"demographic",1.29737477730738
"demographics",-3.84246760489349
"demolished",0
"demonstrate",0
"department",0.351463649673199
"dependable",0
"depressing",0.922243593948407
"describing",0
"description",0.31652570015049
"descriptions",0
"descriptive",0
"designated",0
"desperately",0.109940970597101
"desperation",1.27945563300603
"destination",-0.155972304506995
"destinations",0
"deteriorated",1.54458708805628
"determined",-0.349775722422941
"devastated",0
"developing",0
"development",0
"diagonally",0
"difference",0.182173267181315
"differences",0
"differentiate",-0.85367889325256
"differentiates",-0.0532428095001805
"differently",-0.0898095179757887
"difficulties",-0.406725372106562
"difficulty",0
"dimensional",0.696648203736303
"diminished",0
"diminishing",0
"dinnertime",0
"directions",0
"disadvantage",-0.100587859910422
"disapointed",0.991321294450691
"disappeared",0.921886719952431
"disappearing",0.431874333544397
"disappears",0.127610991005442
"disappoint",-1.08537742302975
"disappointed",0.827286827954735
"disappointing",1.12907397715964
"disappointingly",0
"disappointment",1.17991878372912
"disappointments",0
"disappoints",-0.753469575293236
"disastrous",0
"discerning",0
"discipline",0
"disclaimer",0.207074694276851
"disclosure",0
"discomfort",0.784809476917964
"disconcerting",0
"disconnect",0
"disconnected",0
"discontinued",0
"discounted",-0.0398853075574215
"discourage",0
"discouraged",0
"discouraging",0
"discovered",0
"discovering",0
"discrepancy",-0.380068228068121
"discretion",0
"discriminate",0.202795832336695
"discriminating",0
"discussing",0
"discussion",-0.0174702136122496
"disgruntled",1.16488491700696
"disgusting",1.94784501422395
"disgustingly",1.10662470016581
"disheartening",0.586244179943758
"dishwasher",0
"disinterested",0.444668295754578
"disjointed",0
"dismissive",1.3808597746804
"disneyland",0
"disorganized",0.303218742733672
"displaying",0
"displeased",1.82354074026004
"displeasure",0.673320077157921
"disposable",-0.290394899827437
"disrespect",3.86971095727007
"disrespectful",1.94859516875726
"dissapoint",-0.15390696800111
"dissapointed",0.759564183063343
"dissapointing",1.12349053525206
"dissapointment",1.09364225569797
"dissappointed",0
"dissatisfaction",0.943393162221908
"dissatisfied",0.738777621474776
"disservice",0
"distinction",0
"distinctive",0
"distinctly",0
"distinguish",0.115866991279172
"distinguished",0
"distinguishing",0.735367935382332
"distracted",0
"distracting",0
"distraction",0
"distressed",0
"distributed",-0.257449139680701
"disturbing",1.09553041820704
"douchebags",1.31385951636846
"downgraded",0.576824255389766
"downstairs",0.014744689075477
"downtoearth",0
"dramatically",0.755794227299997
"drastically",0
"drinksfood",0
"drumsticks",0
"dumbfounded",0
"dungeoness",0
"duplicated",-0.206312795499565
"earthiness",0
"earthquake",0
"earthshattering",0
"economical",0
"effectively",0
"efficiency",-0.967569470522893
"efficiently",0
"effortless",-0.157181264705362
"elderflower",0
"electrical",0.372718831253633
"electronic",0
"electronica",0
"electronics",0
"elementary",0
"eliminated",0.28954069417871
"embarassed",0.239834102451747
"embarassing",0
"embarrassed",0.703283211177683
"embarrassing",0.620992202156818
"embarrassingly",0
"embarrassment",1.36103043849136
"employment",0.288792484439762
"enchanting",0
"enchiladas",0
"encompasses",-0.7827560034213
"encountered",0
"encounters",0
"encouraged",0
"encourages",0
"encouraging",0
"endorsement",1.66859360980585
"engagement",0
"engineering",0
"entertained",0
"entertainers",0
"entertaining",-0.19920925070702
"entertainment",0
"enthralled",-0.18229606254348
"enthusiasm",0.600935897889374
"enthusiast",0
"enthusiastic",0
"enthusiasts",0.563207414983066
"environment",0
"environments",-0.346904470850744
"envisioned",-0.363657132903906
"equivalent",0.307869552072944
"escalators",0
"especially",-0.245078056631319
"essentially",0
"essentials",-0.496487199978867
"established",-0.112703145693345
"establishment",0.46656554192548
"establishments",0
"estiatorio",0
"estrellados",0
"ethnicities",0
"evaluation",0
"eventhough",0.0983520896955135
"eventually",0.435031166744704
"everchanging",0
"everybodys",0
"everything",-0.182450642732149
"everythings",0
"everywhere",0.2019372453083
"exaggerated",0.213005157208894
"exaggerating",0
"exaggeration",1.36753889566468
"excaliburs",0
"exceedingly",0
"excellence",-0.199901264884214
"excellently",-1.38800361586386
"exceptional",-0.249101820563951
"exceptionally",0
"exceptions",0
"excessively",0
"excitement",0
"exclusively",-0.297908441843677
"excruciatingly",0
"exhausting",0.372200949584309
"exhibition",0
"exorbitant",0.11215650365456
"expectation",0.249543530279089
"expectations",0.134375502431989
"expectedly",0
"experience",0.0526767835715745
"experienced",0.656060162272749
"experiences",0.150528610884982
"experiencing",0
"experiment",0
"experimental",0
"experimenting",0
"expiration",0.192168956681072
"explaining",0
"explanation",0.529088218771799
"explanations",0
"explicitly",0.0819457144827836
"exploration",0
"explosions",0
"exponentially",0
"expressing",0.0873699267127282
"expression",0
"expressions",0.464945478005046
"exquisitely",0
"extensively",-0.174003690799922
"extraordinarily",0
"extraordinary",-0.578604588867417
"extravagance",-0.280620080154454
"extravagant",0
"extravaganza",-0.755754510816938
"eyecatching",0
"fabulously",-0.765624433863081
"facilities",0.142403134512469
"familiarity",0
"familyfriendly",-0.0734897680296075
"familystyle",-0.0140900396050926
"fantabulous",-0.240240591058505
"fantastically",-0.711565374854085
"fascinated",0
"fascinating",0
"fascination",0
"fashionable",-0.0235824979392568
"favourites",0
"festivities",0
"fettuccine",-0.0180755652764915
"fettuccini",0
"figuratively",0
"filtration",0.883880943872889
"finedining",0
"fingerlicking",0
"fingerling",0
"fingerlings",0.339582185844155
"fingertips",-0.425544224998238
"firecracker",-0.414223782876679
"firstclass",0
"firsttimer",-0.101725270761426
"fishermans",0
"flashlight",1.04713910364354
"flashlights",0.885174978887474
"flatbreads",-1.08468226559607
"flatscreen",-0.0479729832404558
"flatscreens",-0.263970061950908
"flattering",-0.349311424807634
"flavorfull",0
"flavorings",0
"flavorless",1.047668796456
"flavorwise",0
"flavourful",0
"flawlessly",0
"flexibility",0
"flintstones",0
"floortoceiling",0
"florentine",0
"fluffiness",0
"fluorescent",0
"fooddrinks",0
"foodservice",0
"forewarned",0.539763974195094
"forgettable",1.1043748137311
"forgetting",0
"forgivable",0.470814228902527
"fortunately",0
"foundation",-0.791500823441473
"fourcourse",0.51731098153169
"foursquare",0
"frangelico",0
"frantically",0
"frenchstyle",0
"frequented",0
"frequenting",0
"frequently",0
"freshbaked",0
"freshsqueezed",0
"freshwater",0
"fridaysaturday",0
"friendlier",0
"friendliest",-0.373362883379898
"friendliness",0
"friendship",0
"frightening",0.421909525009639
"frustrated",0.606753275817513
"frustrating",0.654405824974682
"frustration",1.08648391794758
"fulfilling",0
"fulllength",0
"functional",0
"functioning",0
"furnishings",0.304326130287474
"furnitures",-0.969172169584791
"furthermore",0.032089613727229
"futuristic",0
"gargantuan",0
"garlicchive",0
"gastronomic",0
"gastronomical",0
"gastronomy",0
"gelatinous",0
"generation",0
"generations",0.326311454198277
"generously",-0.427148680313862
"gingerbread",-0.0181740893361095
"girlfriend",0.0721563497671758
"girlfriends",-0.0146582085396803
"glistening",0.594006125773039
"gloriously",0
"glutenfree",-0.413667336487198
"gluttonous",-0.415307225196169
"gondoliers",-0.289456833107158
"goodlooking",-0.938444233334
"gorgeously",0.308021738788045
"gorgonzola",0
"government",1.51838545087246
"gracefully",0.776417010803486
"graciously",0
"graduation",0
"grandfather",0.453841630804356
"grandmother",0
"grandmothers",0.589461018718978
"grandparents",0
"grapefruit",0
"grasshopper",0
"gratifying",0
"greasiness",0
"guaranteed",0
"guarantees",0
"halfpriced",-0.528897024833357
"hallelujah",0
"hamburgers",0
"handcrafted",0
"handicapped",0
"handwritten",0
"haphazardly",0
"hardboiled",0
"hardpressed",0
"harmonious",0
"hashbrowns",0.152790325884936
"hawaiiankorean",0
"healthiest",0
"hefeweizen",0
"hesitating",-0.518197272930088
"hesitation",-0.0385126828539117
"highlighted",0
"highlights",-0.572773479506884
"highquality",0
"highroller",0
"hilariously",-0.469676368481987
"historical",-0.109867055724124
"hofbrauhaus",-0.297080105202097
"hofbr√§uhaus",0.529398427707506
"holeinthewall",0
"hollandaise",0
"hollywoods",0
"homecooked",0
"horrendous",1.60664112557287
"horrifying",0.595743139566717
"horseradish",0
"hospitable",0
"hospitality",0.196472751935469
"hosthostess",0
"hotelcasino",0
"hotelcasinos",0
"hotelscasinos",0
"housekeeper",0.82122770987885
"housekeepers",0
"housekeeping",0.214668958587329
"huckleberries",0
"huckleberry",0
"huntington",-0.0654475799155101
"hysterical",-0.15674711750678
"illuminated",0
"imaginable",-0.685844687781117
"imagination",0
"imaginative",0.0781784260822866
"immaculate",-0.961056942680766
"immaculately",0
"immediately",0
"impeccable",-1.06591448727664
"impeccably",0
"impersonal",0
"importance",-0.270131349639142
"importantly",0
"impossible",0.598447765916632
"impossibly",0
"impressing",-0.131776944225434
"impression",0.32537868578914
"impressions",0
"impressive",0.0466847591828906
"impressively",0
"improperly",0.888433409746567
"improvement",0
"improvements",0
"inadequate",-0.26962079131086
"inappropriate",0
"inattentive",0.626203274769284
"incidentally",0
"incidentals",0.159387228793683
"inclinator",0
"inclinators",0.606908377659885
"incomparable",0
"incompetence",2.06582330612528
"incompetent",1.97772830392366
"incomplete",0.400898698367908
"inconsiderate",-0.661613619995991
"inconsistencies",0
"inconsistency",0.472375406050627
"inconsistent",0
"inconvenience",0.771723865733842
"inconvenienced",0
"inconvenient",0
"incorporate",0
"incorporated",0
"incorporating",0
"incorrectly",1.14317525124393
"increasing",0
"increasingly",0.802222314342221
"incredible",-0.866201508948012
"incredibly",0
"indecisive",-0.654821783927105
"independent",0
"independently",0
"indescribable",0
"indicating",0
"indication",0.6139209067258
"indicative",0.217356181783151
"indifference",0
"indifferent",0.966762432901769
"indigestion",0
"individual",-0.0375132495692411
"individualized",-0.287763458512568
"individually",0
"individuals",0
"indooroutdoor",-0.0473402684858636
"indulgence",-0.875627375132464
"industrial",0
"inebriated",-0.0641030715486744
"inefficient",1.07759880551648
"inevitable",0
"inevitably",0
"inexcusable",1.29899604392754
"inexpensive",-0.0675894599833619
"inexperienced",0.772025372188307
"inexplicably",0
"infinitely",0.870337262415444
"influenced",-0.568436893022253
"influences",0
"information",0.488827121805293
"informative",-0.734553910715685
"ingredient",0
"ingredients",-0.0860170255051791
"inherently",0
"innovation",0
"innovative",-0.102704968635847
"inspecting",0
"inspection",1.03153328432792
"inspiration",0
"institution",0
"instructed",0.441481978417489
"instruction",0.463974191262305
"instructions",0
"instruments",0
"integrated",0
"intelligent",0
"intentional",0
"intentionally",0.612376364209982
"intentions",0
"interacted",0
"interacting",0
"interaction",0.521989311738603
"interactions",-1.08729020653081
"interactive",0
"interested",0
"interesting",-0.13838951115299
"interestingly",-0.513536854248858
"international",0
"interpretation",0
"interrupted",0
"interrupting",0
"intersection",0
"intestines",0
"intimidated",0
"intimidating",0
"intolerance",-0.944882175223509
"intolerant",0.542806077723894
"intoxicated",0
"intoxicating",0
"intriguing",0
"introduced",-0.309756899911097
"introducing",0
"introduction",-0.293588540012302
"invariably",0
"investigate",1.90124586010912
"investigation",1.06138795483827
"investment",-0.431393195929834
"invitation",0
"inyourface",0
"ironically",0.27637775520264
"irrelevant",0
"irresistible",-0.961651504429636
"irresponsible",0
"irritating",1.07738774786146
"irritation",0.803967603684839
"jabbawockeez",0.125275035315334
"jagermeister",0
"jagerschnitzel",0
"japanesestyle",0
"jawdropping",0
"judgmental",0
"justification",1.11781301887624
"justifying",0
"kardashian",0.76829696675045
"kardashians",0.760366336769556
"kidfriendly",0
"kitchenette",-0.397484549480145
"knowledgable",-0.611915081884455
"knowledgeable",-0.685492181364574
"koreanmexican",0
"lackluster",0.252702873077384
"landscaping",0
"langoustine",-0.231511151712612
"lastminute",0
"lederhosen",0
"legitimate",0
"legitimately",0
"lemongrass",0
"lengthwise",-0.708569151213597
"lifechanging",0
"lifeguards",0
"lightweight",0
"limitations",0
"limoncello",-0.0209282026819404
"littleneck",-0.208388123684329
"livingroom",0
"loungeclub",-0.426919615379793
"lunchbrunch",-0.0749713923808302
"lunchdinner",0
"lunchearly",0
"luxuriously",0
"macncheese",0
"madagascar",0
"madeleines",0
"madetoorder",0
"magnificent",-0.323090715492466
"magnificently",0
"magnifique",0
"magnifying",0
"mainstream",0
"maintained",0
"maintaining",-0.419413835803168
"maintenance",0.405805464071274
"makeyourown",0.0595900357210366
"manageable",-0.869068451855426
"management",0.851325720522254
"maneuvering",0
"manhattans",-0.11245798052458
"marbleized",0
"margaritas",0
"margaritaville",0
"margharita",0
"margherita",-0.113387669795368
"marginally",2.45267428631279
"marinating",0
"marscapone",-0.205908321719879
"marshmallow",-0.0442747817046086
"marshmallows",0
"marshmellow",0.384140385250853
"mascarpone",-0.277523058578949
"masquerade",0
"masterchef",0
"masterfully",0
"masterpiece",-0.587511975282112
"masterpieces",0
"mattresses",0
"mayonnaise",0
"mayweather",-0.494380620909104
"meandering",0
"meateaters",0
"medallions",-0.16101738415428
"mediocrity",1.34560124795084
"mediterranean",0
"mediumrare",0
"mediumsized",0
"mediumwell",0.109237059172266
"meltinyour",0
"meltinyourmouth",-0.266532647866302
"membership",0
"memorabilia",0
"mentioning",0
"merchandise",1.23419022914683
"mesmerized",0
"mesmerizing",-0.515971953222541
"meticulous",0
"meticulously",0
"mexicanchinese",0.503296915539674
"mexicanstyle",0
"microbrewery",-0.408820449150567
"microbrews",0
"microwaved",2.00896329353993
"midafternoon",0
"middleaged",-0.180462898260079
"middleeastern",0.515658541415045
"mideastern",0
"midwestern",0
"mignonette",-0.446690492542002
"milkshakes",-0.302969802341581
"millionaire",0
"mindblowing",-0.0102850246038113
"mindblowingly",0
"minestrone",0.147921408857571
"minifridge",0.228536477701383
"minimalist",0
"minimalistic",0
"miraculously",0
"miscellaneous",0
"misfortune",1.61281388370457
"misleading",0.678177680715025
"mismatched",0
"misoglazed",0
"mississippi",0
"mistakenly",0
"misunderstood",0
"mixologist",0
"mixologists",0
"miyagisans",0
"moderately",-0.408978831552667
"moderation",0
"modernized",-0.812428143372905
"mondayfriday",-0.00515145233197258
"monstrosity",0.357246438996425
"mortadella",0
"motherinlaw",-0.0469572455180877
"motivation",0.892748587543111
"mouthwatering",-0.596453264461416
"mozzarella",-0.360755792848484
"mozzerella",0
"multicolored",0
"multigrain",0
"multilevel",0
"mysterious",0
"mysteriously",0
"nauseating",1.12341019841844
"navigating",0
"navigation",0
"necessarily",0
"necessities",0
"negatively",0
"negativity",-0.675976662266823
"neglectful",0
"neighborhood",-0.388311168433314
"neighborhoods",0
"neighboring",0
"networking",-0.0816698647492901
"neverending",0
"nevertheless",-0.0808271293437653
"newsletter",-0.0493110131469829
"newspapers",-0.241141120683238
"nightclubs",0
"nightearly",0
"nightmares",0.715471321252699
"nightmorning",0
"nightstand",0
"nitpicking",0
"nonalcoholic",0
"nonchalant",0
"nondescript",0
"nonetheless",-0.791054100881678
"nonexistent",0.952157774129738
"nonjapanese",0
"nonsmoking",0.821162566645421
"nontraditional",0
"noteworthy",0
"noticeable",0
"noticeably",0
"notsogreat",0
"obligatory",0
"obnoxiously",0
"observation",0
"observations",0
"obstructed",0.321119523426944
"occasional",-0.429316282529054
"occasionally",0
"occassions",-0.213441789304747
"occurrence",0.961591373368535
"octoberfest",0
"officially",0
"offputting",0.278021137045025
"offthemenu",0
"offthestrip",-0.65265282226754
"oktoberfest",0.176482578254381
"oldfashioned",0
"oneofakind",0
"onolicious",0
"opentablecom",0
"operational",-0.441754350628321
"operations",0
"opportunities",0
"opportunity",-0.0731635962057957
"optimistic",1.21246308951655
"orchestrated",0
"ordinarily",0.101047924348323
"orecchiette",0
"organization",0.428203333607043
"originality",0
"originally",0
"originated",0
"ostentatious",-0.19670099332409
"outfitters",-0.277994678676845
"outlandish",0
"outofthisworld",0
"outoftowners",-0.755082425512169
"outrageous",0.883299431675135
"outrageously",0.342599428855821
"outstanding",-0.804302483191853
"outweighed",1.76992581350527
"ovenroasted",0
"overabundance",0.203183323375943
"overbearing",-0.17079234126275
"overbooked",0
"overcharge",2.15242425568801
"overcharged",0
"overcooked",0.699809023575392
"overcooking",-0.0707093835770498
"overcrowded",0.842586910645001
"overcrowding",0
"overdressed",0
"overeating",-0.141470328788686
"overflowed",1.67458011915558
"overflowing",0
"overloaded",0
"overloading",-0.0463912114584279
"overlooked",0.137981309059608
"overlooking",-0.285301356179787
"overpacked",0.540847145756806
"overpaying",0.13666803313713
"overpowered",0.503939667483613
"overpowering",0
"overpowers",0
"overpriced",1.04184595882683
"oversalted",0.174842483582114
"overseasoned",0.246998372680804
"overshadow",0
"overshadowed",0
"overstuffed",0
"overthetop",-0.262221081648115
"overweight",1.33176643284935
"overwhelmed",0.0722091238081313
"overwhelming",-0.464254615474781
"overwhelmingly",0
"overworked",1.7174547914941
"ownermanager",-0.957318029240079
"painstakingly",0
"palazzovenetian",0
"panroasted",0
"pappardelle",0
"parisienne",0
"parmigiana",0
"parmigiano",0
"participate",0
"participated",0
"participating",-0.385009285868373
"particular",0
"particularly",0
"passengers",0
"passionate",-0.265357854480662
"passionfruit",0
"patisserie",0
"patronizing",0.50425277701732
"pedestrian",0.287310277652405
"pedestrians",0.655400975914963
"peoplewatch",0.752385413285758
"peoplewatching",-0.94544257209509
"peppercorn",-0.355628400669872
"peppercorns",0
"pepperjack",0
"peppermill",-0.0857193697361395
"peppermint",0
"percentage",0.47681281893838
"perception",0.382239769068816
"perfection",-1.49757324499403
"performance",0
"performances",0
"performers",-0.0377013057023833
"performing",0
"periodically",0
"permanently",0
"permission",1.28126944386133
"persistent",0
"personable",-0.183246093201214
"personalities",0
"personality",0.180724600504295
"personalized",-0.18841501651155
"personally",-0.0887548345901446
"perspective",0
"persuasion",-0.870149780955749
"pescatarian",0.731486734499496
"pescetarian",0
"petrossian",0
"phenomenal",-0.840139261030867
"phenomenon",0
"phenominal",0
"philadelphia",0.448535941608139
"philosophy",0
"photograph",0
"photographer",0
"photographs",0
"photography",0
"physically",0.143319320647141
"picturesque",-0.373697464063811
"pilgrimage",-0.0577618998610173
"pineapples",0
"pistachios",-0.180980512792306
"plantation",0
"playground",-0.356861258822279
"pleasantly",-1.56661592667066
"pleasurable",0.0711925706043635
"politeness",0
"polynesian",0
"pomegranate",-0.0518858240494952
"popularity",-1.32248634218747
"population",0
"portabella",-0.836499356873088
"portabello",0
"porterhouse",-0.108455167895985
"portobello",-0.0261450916959319
"portuguese",-0.0480514542770063
"positioned",-0.522234397478961
"positively",0
"possibilities",-0.0713922985765401
"possibility",0
"potentially",0.0420330529063768
"potsticker",0
"potstickers",0
"practically",0.397258863743051
"precracked",-0.137646163386777
"predictable",-0.398337394325364
"preferably",-0.344081255940263
"preference",-0.309251129099013
"preferences",0
"preoccupied",1.08075047145002
"prepackaged",0.32149752685202
"preparation",-0.147373006607511
"preparations",0
"prepartying",-0.232062049036079
"preportioned",0
"presentable",0
"presentation",0
"presentations",0
"presenting",0
"preservatives",-0.40196132100152
"presidents",0.210387233323279
"prestigious",0
"presumably",-0.433833862992767
"pretending",0.608796631469973
"pretentious",0.439394015623563
"pretentiousness",0.187152572419751
"pretheater",-0.0730883815890086
"preventing",-0.335823194586899
"previously",0
"pricevalue",-0.575009343686287
"privileged",-0.308802631738852
"privileges",0
"probability",0
"processing",0
"proclaimed",0
"production",-0.156012357455585
"profession",0.451993552262741
"professional",-0.226386066543347
"professionalism",0
"professionally",0
"professionals",0
"profiterole",0
"profiteroles",-0.396166057338423
"progressed",-0.430728705555806
"progressing",0
"progression",0
"progressive",0
"progressively",0.349424256810475
"prohibition",0
"prominently",0
"promotional",0.97623145074783
"promotions",0
"pronounced",-0.447425627932102
"properties",0.146235838136379
"proportion",-1.44880969526768
"proportioned",0
"proportions",-0.101916753768468
"proposition",-0.566423909651512
"proprietary",0
"prosciutto",-0.129635812192288
"proscuitto",0
"prostitute",-1.01272098176465
"prostitutes",0
"pumpernickel",-0.0487535076083859
"punishment",1.9993357147825
"purchasing",-0.0167512484206024
"purposefully",0.990201975973054
"quantities",-0.0779697257385388
"quesadilla",0
"quesadillas",0.0398128611512919
"questionable",0.549024719641979
"questioned",1.10641486632797
"questioning",0
"quintessential",-0.441748375661537
"rainforest",0
"raspberries",0
"ratatouille",-0.3778898853887
"realistically",0
"realization",0
"reasonable",-0.838765836889104
"reasonably",-0.722358944019056
"reassuring",0
"reccomended",-0.0620553350600489
"reccommend",-0.0849453228571396
"receptionist",0
"recognition",0.306703405715414
"recognizable",0.0899343726906372
"recognized",0.336948470619043
"recognizes",0
"recognizing",0
"recollection",0
"recommendation",-0.0725436727610578
"recommendations",-0.158573547832217
"recommended",-0.373594323441875
"recommending",0.186196671138411
"recommends",0
"reconsider",0
"recovering",0
"recreation",0
"rectangular",0
"redecorated",0
"redemption",0
"redesigned",0
"rediculous",0.0308567979082131
"reevaluate",0.483117076310258
"references",0
"refillable",0
"refinement",0
"reflection",0
"reflective",0
"refreshing",-0.790484758408845
"refreshingly",-0.150257654318648
"refreshments",0
"refrigerated",2.57040004854803
"refrigerator",0.0684511894454436
"regardless",0
"registered",5.67540954164156e-05
"registration",0
"regrettably",0
"regretting",0.539578233660558
"regulations",0
"relationship",-0.00532886243719962
"relationships",0
"relatively",-0.199296531206063
"relaxation",0
"relentless",0
"religiously",0
"reluctantly",0.949634825666078
"remarkable",0
"remarkably",0
"remembered",-0.00195867039297322
"remembering",0
"reminiscent",0
"reminiscing",-0.608667423472078
"remodeling",0.791282681004083
"renaissance",0
"rendezvous",0
"renditions",-1.37647993267699
"renovating",0
"renovation",0
"renovations",0
"repeatedly",0
"repetitive",1.1188351804504
"replacement",0.583099274273838
"replenished",0
"replenishing",0
"reportedly",0
"representation",1.19542977654793
"representative",1.48589362438824
"represented",0
"representing",0
"represents",0
"reputation",0.731337080175314
"requesting",0
"requirement",0
"requirements",0.683795642086005
"researched",-0.0988393986561355
"researching",0.00633418945445106
"resemblance",-0.69043523579953
"resembling",0
"reservation",0.118426840710789
"reservations",-0.181709917971169
"residential",0
"resistance",0
"resolution",0.810359408244911
"resounding",0
"respectable",0
"respectful",0
"respective",0
"respectively",0
"responsibility",1.06668634998488
"responsible",0
"responsive",-0.0374753755437372
"restaraunt",0
"restaraunts",0.640673576572574
"restaurant",0.0158350666458414
"restaurantbar",0
"restaurantcom",0
"restauranti",0
"restaurants",-0.0882670866752055
"restaurantthe",0.522078238877473
"resteraunt",0
"restocking",0
"restrained",0
"restricted",0
"restrictions",0.27268562900248
"restuarant",0
"restuarants",0
"resturants",-0.600138985335989
"resturaunt",0
"retirement",-0.441940903600519
"retrospect",0
"revelation",-0.0872854326229856
"revisiting",0
"revolution",0
"revolutionary",0.554589484735319
"ridiculous",0.686848670847376
"ridiculously",0
"ridiculousness",0
"rightfully",0
"ristorante",0
"rockefeller",-0.451546964036002
"rollercoaster",0.562370842460497
"rotisserie",-0.035605072345455
"runofthemill",0.455040016284847
"sacramento",0
"sacrificed",0
"sacrificing",0
"saintjacques",0
"salivating",-0.565580038122667
"salmonella",0.816172319866244
"saltpepper",0
"sandwhiches",0
"sandwiched",-0.165061033941433
"sandwiches",0
"satisfaction",0.254467957028056
"satisfactory",0
"satisfying",-0.194501710209511
"sauerkraut",0
"savoriness",0
"schlepping",-0.0841012571571012
"scottsdale",-0.277690370620126
"scrambling",-0.174248543943419
"scratching",1.37260846706929
"scrumptious",-1.29608653877917
"sculptures",-0.193793570662939
"seamlessly",0
"seasonally",0
"seasonings",0
"secondhand",0
"seethrough",0
"selections",-0.212174208517804
"selfparking",0
"selfproclaimed",0
"selfservice",0.580342873457488
"semiprivate",-0.29540521356998
"sensational",-0.484534311762154
"sensations",-0.2097205354837
"separately",0
"separating",0
"separation",0
"seperately",0
"serendipity",0.1568841674301
"serendipitys",0.310758399955887
"seriousness",-0.363063358941616
"serviceable",0.484230489866602
"servicefood",0.930522560628881
"servicethe",0
"settebello",0
"shamelessly",-0.397919190232086
"shattering",0
"shenanigans",-0.682346700054605
"shockingly",-0.0129701087074976
"shoestring",0
"shortbread",0
"shortcomings",0
"showcasing",-0.175666713844837
"showstopper",0
"sickeningly",0
"sightseeing",0
"signatures",0
"significant",0
"significantly",0
"silverware",0.655905792936388
"similarities",0
"simplicity",0
"simplistic",0
"simultaneously",0
"sisterinlaw",0
"situations",-0.378905532804837
"skillfully",-0.405111477157968
"slathering",0
"slaughtered",0
"sleeveless",0.262405209308691
"slowcooked",0
"slowpoached",0
"smashburger",0.99919439900716
"smattering",0
"smithwicks",0
"smorgasbord",0
"smothering",0.0936302455760641
"socializing",0
"softboiled",0
"solidified",0
"somethings",0
"sommeliers",0
"sooooooooo",-0.483830316464398
"soooooooooo",0
"sooooooooooo",0
"sophisticated",-0.0875100796406856
"sophistication",0
"soundtrack",0
"southpoint",0.0799983874748955
"southwestern",0
"spaciousness",0.503889232294219
"spaghettini",0
"specialities",-0.376763379160751
"speciality",0
"specialize",0.148712014532224
"specialized",-0.0641582504102181
"specializes",0
"specializing",-0.115138392282995
"specialties",0
"specifically",0.200001590239413
"specifications",0.0845996798190462
"spectacular",-0.133296893534571
"spectacularly",0
"speechless",-0.0106711729143779
"splattered",0.0963790928490725
"spontaneous",0.673434645721885
"sportsbook",0
"sprinkling",0
"staggering",0
"standalone",0
"standoffish",0
"standpoint",0
"starvation",0
"statements",0
"staycation",0
"steakburger",0
"steakburgers",-0.486168198707845
"steakhouse",-0.122429826939889
"steakhouses",0
"stereotype",0.183314866430746
"stereotypical",0
"stimulating",0.518712056931302
"storefront",0
"straightened",0.218529256358588
"straightforward",0
"straightup",0
"strategically",-0.327843633005497
"stratosphere",0
"strawberries",-0.276728420544493
"strawberry",-0.300361235876603
"stretching",0
"strikingly",0.270204422340562
"stripburger",0
"stripsteak",0
"stroganoff",0
"structures",-0.0440556798949562
"struggling",-0.135479829284798
"stuffiness",0
"stunningly",0
"stupendous",-1.7459511257893
"subjective",0.638694995774893
"subsequent",0
"subsequently",0.320928261884073
"substandard",1.59561891889648
"substantial",0
"substantially",-0.877873017531373
"substitute",0.184954064359569
"substituted",0
"substitution",0
"substitutions",0.512586327514583
"successful",-0.0257060390666194
"successfully",0
"sufficient",0
"sufficiently",0
"suffocating",0.806165732634193
"suggesting",0
"suggestion",0
"suggestions",-0.388470753187518
"suggestive",0
"summertime",0
"sunglasses",0
"superfluous",0
"superfriendly",-0.836871965260359
"superlative",0
"supermarket",0.0357912200876347
"supersized",0
"supervisor",1.5853176726299
"supplement",0
"supplemental",-0.482930894196259
"supporting",0
"supposedly",0.478425455963963
"suprisingly",-0.0298239901244457
"surprising",0
"surprisingly",-0.350794523714645
"surrounded",0
"surrounding",-0.0953584342969526
"surroundings",-0.245257043565423
"sushisamba",0
"sushisashimi",0
"suspicious",0.0856368729839556
"suspiciously",0.66366945596322
"sustainable",-0.171177373940224
"sustenance",0
"swallowing",1.14882879530159
"sweatpants",0.442559284415833
"sweetbread",0
"sweetbreads",0
"sweetheart",0
"sweltering",0.310793641923754
"synonymous",0
"tablecloth",0
"tablecloths",0
"tablemates",0
"tablespoon",0.928366040486031
"tagliatelle",0
"tantalizing",0
"tapasstyle",0
"tastefully",-0.391134910285346
"technically",0
"techniques",-0.402319651103785
"technology",-0.623272317241376
"television",0
"televisions",0
"temperature",0.465926791168214
"temperatures",-0.0435995100389187
"temporarily",-0.517046809441091
"temptation",-0.546628333113677
"tenderloin",-0.464429053269364
"tenderloins",0
"tenderness",-0.713944818357955
"teppanyaki",-0.0277240560069459
"texturally",-0.0854683862898041
"thankfully",0
"thanksgiving",0
"thereafter",0.182061958336906
"thermostat",0
"thoroughly",-0.579908210891499
"thoughtful",-0.304750059785922
"thoughtfully",-0.0687321836663984
"thoughthey",0
"threatened",2.03027104263066
"threecourse",0
"throughout",-0.249689449075235
"timberlake",0
"tixtonight",0
"toiletries",0
"tonkatsushoyu",0
"tonkotsushoyu",-0.0284690727902388
"toothbrush",0
"toothpaste",0.134600504208108
"tortellini",0
"touchscreen",0
"tournament",0
"tournaments",-1.49375916342195
"traditional",-0.354438893625814
"traditionally",-0.425513511133728
"traditions",-0.00598691291202681
"transaction",0.621600100593363
"transcendent",0
"transferred",0.799486661742195
"transformed",0
"transforms",0
"transition",0
"transitioning",1.8186070251533
"translated",0
"translates",0
"translation",-0.392598400034014
"translucent",-0.629346190538485
"transparent",0
"transportation",-0.0121240136524916
"transported",-0.420081787156977
"travelling",0
"travelocity",0
"treadmills",0.743786555844459
"treatments",0
"tremendous",-0.875811293052821
"tremendously",0.246820105974156
"triangular",0
"tripadvisor",0
"truthfully",0.286640394347889
"tunaraspberry",-0.2428094283881
"turnaround",-0.123463762881184
"ubiquitous",0
"ultimately",0
"unacceptable",1.57912582945449
"unadulterated",0
"unappealing",1.22432643209644
"unappetizing",0.794839867092466
"unassuming",0
"unattended",0
"unattentive",0.347901029790824
"unattractive",0
"unavailable",0
"unbalanced",0
"unbearable",1.21801302952587
"unbearably",0
"unbeatable",-0.781208866626005
"unbeknownst",0
"unbelievable",-0.00843348985814274
"unbelievably",-0.672037854568095
"uncomfortable",0.690466834757621
"uncomfortably",0
"undeniable",0
"undeniably",-0.109429464917181
"undercooked",0.908384000407888
"underdressed",0
"underestimate",-0.317264164685643
"underestimated",0
"undergoing",0
"underground",0
"underneath",-0.299278013628255
"underrated",-0.227380636976203
"underseasoned",0.585851786904621
"understaffed",0.857879889409076
"understand",0.703933589021686
"understandable",0
"understandably",0.160201303155859
"understanding",0.464861700003809
"understands",0
"understated",-0.365377920216714
"understatement",0.327140363456703
"understood",0
"underwhelmed",0.84177587101084
"underwhelming",0.685985158645457
"undoubtedly",0
"undrinkable",0.835922384127482
"uneventful",0.605174844653558
"unexpected",-0.673016826172622
"unexpectedly",0
"unfamiliar",0
"unfiltered",0
"unfinished",0.421666243499455
"unforgettable",-0.0298902801058216
"unforgivable",0
"unfortunate",0
"unfortunately",0.411304749465335
"unfriendly",1.27150491773495
"unfulfilled",1.147614361811
"unimaginative",1.0304100020875
"unimpressed",1.10379939082476
"unimpressive",0.950325722421857
"uninspired",0.669154453750195
"uninspiring",1.0741296552488
"uninterested",0.802571800915451
"uninteresting",1.54785972503363
"uninviting",0.379994752681723
"uniqueness",-0.157197527932739
"university",0
"unknowingly",0.574685424323831
"unmemorable",1.04482304850698
"unnecessarily",0.260494488410142
"unnecessary",0
"unobstructed",0
"unobtrusive",-0.51898821543216
"unoccupied",0.424771048718014
"unorganized",0.697723019910823
"unoriginal",0.713394218534946
"unparalleled",-0.603707113682654
"unpleasant",1.09049428370589
"unpleasantly",0
"unpredictable",0
"unpretentious",-0.233933650023906
"unprofessional",1.66781516928102
"unreasonable",0
"unreasonably",-0.356063288253161
"unremarkable",0.279363611066607
"unsanitary",1.13350240941901
"unsatisfactory",1.09106183183997
"unsatisfied",1.37473423658328
"unsatisfying",0
"unseasoned",0
"unsuccessful",0
"unsurprisingly",0
"unsuspecting",0
"unsweetened",0
"unwelcoming",0
"upholstered",0
"vacationing",0
"valenciana",0
"valentines",0
"variations",0.0704219207614633
"veganfriendly",0
"veganvegetarian",0
"vegasstyle",0
"vegetables",0
"vegetarian",-0.00424158539237709
"vegetarians",0
"vegetarianvegan",0
"venetianpalazzo",0
"ventilated",0
"ventilation",0.122851285437974
"vermicelli",0
"vietnamese",-0.0346472527523143
"vinagrette",0
"vinaigrette",-0.257325523281853
"vinegrette",0
"vineripened",0
"violations",1.03519580154213
"waiterwaitress",0
"waitperson",0
"waitresses",0.226684429890971
"walkthrough",0
"walltowall",0
"washington",0
"watercress",-0.409984637412065
"waterfalls",-1.15070579533678
"watermelon",-0.12533036529478
"waterslide",-0.0684400039088182
"weaknesses",0
"wednesdays",0
"weeknights",-0.51364590011361
"wellappointed",-0.179651779968572
"wellbalanced",0
"wellcooked",-0.151291573128136
"welldecorated",0
"welldressed",0
"wellexecuted",0
"wellington",-0.369552869087013
"wellingtons",0
"wellmaintained",0
"wellprepared",0
"wellpriced",0
"wellrounded",-0.334387015623639
"wellseasoned",0
"wellstocked",-0.134787542726968
"westminster",-0.638409373815642
"whatsoever",1.22998155856786
"wheelchair",0
"whispering",0
"wholeheartedly",0
"widescreen",-0.34552275841716
"willingness",0
"withdrawals",0
"wonderfully",-0.639109030153492
"wonderland",-0.89693508689389
"worcestershire",0
"worldclass",0
"worthwhile",0
"wraparound",0
"wristbands",0
"wynnencore",-0.490767364033713
"yellowtail",-0.214024240557579
"yountville",-0.141864583795351
"yummilicious",0
